image_id,image_path,mask_path,width,height,instance_count,image_sha256,mask_sha256
FudanPed00073,PNGImages/FudanPed00073.png,PedMasks/FudanPed00073_mask.png,516,392,2,dcce270c15ff5f3aabbe30cd15bb71c5c794494ad56fbf49be88045d6b284657,14a14b0effd7a7241d9e2ebb50a5dd7cdcdbf9da3de56a53d026e7ab67d601a9
FudanPed00058,PNGImages/FudanPed00058.png,PedMasks/FudanPed00058_mask.png,522,479,8,47802584f435e449f42e838834dc18c016e7bdfcedda9cee1a781d85d5e992fd,c45b4f7d40cffd237b2b9dae3aaddc9e4d727ae285058d69f06bec20fc51dd6a
FudanPed00049,PNGImages/FudanPed00049.png,PedMasks/FudanPed00049_mask.png,447,512,3,2e85899f0ff1c9fc63369ac06d3de9fc43e7fad8c012a6126d1061ac7751b743,56a698b12673e20a78199049149ad09522615ff28cbdcf45cec37b45093cacc9
PennPed00075,PNGImages/PennPed00075.png,PedMasks/PennPed00075_mask.png,368,322,1,3b06ac8106fd832fb473e98f06033e80dce34b298a2dd31890b2cece5429b318,e3da8243fba9031c9ef038c085cb4093b8f120dd617a48d494f36a0ae888d4eb
FudanPed00039,PNGImages/FudanPed00039.png,PedMasks/FudanPed00039_mask.png,493,487,2,7eeae79042f8f00c22658834e0d177eb0c9dd5ea1019cbde3dd4c5083786cb59,d8d971c5c1b13ed08721bef8d8ae900708ceae262b119e46b08f928b83232bb3
PennPed00004,PNGImages/PennPed00004.png,PedMasks/PennPed00004_mask.png,786,436,5,40fd028872365a0f41f3a0680075756c315879462e56e014e5bdc1f7d570087b,c0d2f2458078947b41ff9ec5ca6af92c54b6fa56be666ebc04d8c13263fe4d2d
PennPed00060,PNGImages/PennPed00060.png,PedMasks/PennPed00060_mask.png,505,351,5,939cd2ab0d63c3cb15bd1155071fe4e117140172893156e6b8b9c05a0c4a1cb8,0fb9a73fd660001f61c6ee2864ca9049b444f59da260fe1ff80819d0c3528544
PennPed00069,PNGImages/PennPed00069.png,PedMasks/PennPed00069_mask.png,388,345,2,b6577317e926129d8f5c2e0f0cabecd34289f85c0a6c28ff2abd4bacf170acc9,c8fe24348860d69161735ecfa35d6c6ca8172c510eba649e41dbe3fe4386bdad
FudanPed00052,PNGImages/FudanPed00052.png,PedMasks/FudanPed00052_mask.png,461,504,1,afe9b8fc9bf30d6dad10103565c1d899b36bc42d000bfa5206d9d0d17f5079dd,eebbb517156b826b07cfc7082cc649566b877da66a738c1dbbb93e40c8d13882
PennPed00051,PNGImages/PennPed00051.png,PedMasks/PennPed00051_mask.png,723,411,4,f3e251809bcdee9e21b26dbce82170ddd07a7dde77c2fd0a0bbb54b13957cb65,7705c426007f8f0a70dbc843e7fd9b45e8ea05cebbee1cd2aee2077be93a03a3
PennPed00041,PNGImages/PennPed00041.png,PedMasks/PennPed00041_mask.png,570,422,1,4791c942de2ca85e8eecf523a42d0df23d1a5679b52b23cfb267c0166a6046f2,b9d8cb1d3be82207100a5a603cf421c423c64836e2ac4eda0845301bd00f2eb4
PennPed00095,PNGImages/PennPed00095.png,PedMasks/PennPed00095_mask.png,512,375,2,a61e2030a7f644689b0508d64f112fb254141e986169b8322bab9954d71bcbf7,f9fea4ccb0635ce84a841797b8798f010abac3bccc3b9f2d25fec295a9686805
PennPed00066,PNGImages/PennPed00066.png,PedMasks/PennPed00066_mask.png,428,375,3,3bddf9720f91e34d0a6452f222050891f2d67ebce51662605a2fe49e6d55ad45,1d8e37dd408ee9490d468655dba28f06277199e04ee78fe0a954194f66467ad6
PennPed00017,PNGImages/PennPed00017.png,PedMasks/PennPed00017_mask.png,492,403,2,fe40f760d161188efa7afeb0fbd38a7a1b36a5b7d55112a0e7958cb9857b9311,f6842f930de9cdfbf98018102b105f0fcf8018c23e031ef12172acfe4aaaa4df
FudanPed00072,PNGImages/FudanPed00072.png,PedMasks/FudanPed00072_mask.png,375,349,1,22f05a6aa65f248f0cf122fb9ea842aa6d55ae73d67216f69686c830c7d913a8,71327fd59ad65f98d8a7001df2021eef4fa922d0dd803ec8dd4c20e639efaf4a
FudanPed00001,PNGImages/FudanPed00001.png,PedMasks/FudanPed00001_mask.png,559,536,2,130e9f9121b88ab69105f1685ce17625e97d0ef590adb9b9f076f62fc08b3343,21ce5211d6745a43c0d1a31d2574810bb592971e1207b0b4a0b22e350daa6671
PennPed00083,PNGImages/PennPed00083.png,PedMasks/PennPed00083_mask.png,371,341,2,2cd01d7951082b3786a98e5002b89f53af0c3042e9434107a9bb9eba5d801fe6,e728dfbc1c4fb380dc4a888c37cd504ed3a41b63f737534475db6acd374cef35
PennPed00037,PNGImages/PennPed00037.png,PedMasks/PennPed00037_mask.png,366,318,1,54a2b4caeff8b47e38160c8cc93eed14f341e5189dbad2ad29f90a238645925a,5c44c241f2dcb9965e8d53637bee7bd282d3fff300747512f6d7e189f6e1350d
PennPed00032,PNGImages/PennPed00032.png,PedMasks/PennPed00032_mask.png,374,344,1,43373527ea5a5c54ebff583e48f4469bb5a96f772809b9f871a7f8404df633c0,0338dcc4c2f7067d39798b9d66d9df41549041cbbd4dab38aafaded0d155edde
FudanPed00034,PNGImages/FudanPed00034.png,PedMasks/FudanPed00034_mask.png,309,351,1,fd3a874d822f03357cd213696f583bf990d50ee7a68463e5118c3b7a9b60d666,18667e7fac176093445389f6137115c098d8c80079a6097f5b4d05a5b2862d89
FudanPed00048,PNGImages/FudanPed00048.png,PedMasks/FudanPed00048_mask.png,585,559,4,805008af783d085a18edf81b3ba02d460844717ebba21058b4fd87aa9ebdf01f,140d202dd775f564901270694df16ef1ab4a1c0ef3099b9933549e81f99e4003
PennPed00049,PNGImages/PennPed00049.png,PedMasks/PennPed00049_mask.png,452,350,4,b0312d7f6cc901c7843769d62ee99ebba811a9a3462d17f04d407a933930f682,0414ae524d0e0bc176b8b2abd1c3607813fc8e65a7065b41669786a4d6afafe1
PennPed00046,PNGImages/PennPed00046.png,PedMasks/PennPed00046_mask.png,534,348,3,c98f12e7d68d32fd623a5a9607588a15b678371045849a6ddf3c268f81a40e9e,e0509b206bd454e5b2484cd2e074971dfd37b506a8c5381286bb6a4615f95bfc
PennPed00011,PNGImages/PennPed00011.png,PedMasks/PennPed00011_mask.png,508,376,2,4378bb3d4a611b7f2668597c8dd29a7d30b18dcd324bb99b8286896ec9ce084f,5f8ffcf67f605ab9a7ed4174352c99262a8ba41253806d6893086fc2592e4547
FudanPed00053,PNGImages/FudanPed00053.png,PedMasks/FudanPed00053_mask.png,541,580,2,d13b3932c3fad5cd25385e881fb1a119cb269dde8a3e8693f47482ca26f6337b,80d8c3ea09b9d59a9b5214379fa96e4dfbd42f1e5dba76032a340ef9f240be99
FudanPed00064,PNGImages/FudanPed00064.png,PedMasks/FudanPed00064_mask.png,546,420,3,b0c82705386da139d8de4a67f0c20d7d59bc0f8d6d8cea052db3b791b8399c07,b9f5436836baec2209167e02254653f83e641c01e27dfeb9407b1ad28dda3561
PennPed00023,PNGImages/PennPed00023.png,PedMasks/PennPed00023_mask.png,536,382,1,03543084adb0b7c14a7d3feef842d164c5e57e7c9cd8968a39f6060310d10bf5,48df85006c53921b3d0b6a91e3752e1cf159281497eb07d65e206d90e6452b56
PennPed00068,PNGImages/PennPed00068.png,PedMasks/PennPed00068_mask.png,603,387,4,b014e256a71271a51f8ae14cdad1c6aa07f19163e415789edb22838c05fcbaa7,fdff16f0cda7bb1a9054b62960d61c5cc86d1648107c607e04899a6344890b41
PennPed00096,PNGImages/PennPed00096.png,PedMasks/PennPed00096_mask.png,294,331,2,20613cb2aa60f654950c3275657f2892968f6e8b96cc13ad1fdf64a596976d46,ffa6000590ca93b65924d312bdabf8c1389b3130e6c27f763cbc8cadf437ba9c
FudanPed00023,PNGImages/FudanPed00023.png,PedMasks/FudanPed00023_mask.png,376,378,1,facdeafe8142db71085f3ae86c811fecd9a3aa00e0cd419ae88b00dbf93b5491,6b343a81e5bb6b55b768068b4db3263ccd667b368b83f59d6d7aadab6733171b
FudanPed00074,PNGImages/FudanPed00074.png,PedMasks/FudanPed00074_mask.png,421,370,2,68ae56c77337bff29fe652bf15a9568852a8e73a6729330cbb7bce9841f9054f,91db71e0a365adc8cd9a8057b5855fe9d4498c627a9e09609ea371c5beb14c7b
FudanPed00054,PNGImages/FudanPed00054.png,PedMasks/FudanPed00054_mask.png,533,498,3,15e193741fa3e38f197f97cdddc8efe0762620c19bb696731f829a7ce25c50fa,7b6d6ce51e915e3a5c669896a9fe0dc7e4ac016f438858351e866ebcad3ff52a
FudanPed00069,PNGImages/FudanPed00069.png,PedMasks/FudanPed00069_mask.png,354,379,1,6c70aea91ec97059cf2869afda30111178709d07b41a834bebbef7e41ca5f3ef,2a2285e7ef6f6994f70b2479fc448b584fbaf4ebe5fca0ab5faed44332d107b9
FudanPed00033,PNGImages/FudanPed00033.png,PedMasks/FudanPed00033_mask.png,396,357,1,3257fc93e746e2258ff273e4110c3ab0ce1f5867f472a69acf536f585f9f4509,5eb707da2363147162534bee59c0bc576ef25499402ca92eb7ec1db636b139bb
FudanPed00062,PNGImages/FudanPed00062.png,PedMasks/FudanPed00062_mask.png,414,341,2,afbff4b1411263f3df756bd3ad938d415c865dad7b683e789960206031d0114c,20fd072a9e12fce604a3c58a4f32de3a26d89d2cf4137709f5ec8b8112cef096
PennPed00087,PNGImages/PennPed00087.png,PedMasks/PennPed00087_mask.png,325,343,1,6a9c5effaef71340335c2aa16bc0af5424e93e845714236b4351202bcbfc2cd0,6480fa13ab48cd524f2a6a57cb81217fe56749875f2d1b34b4a1f630af9988b9
PennPed00039,PNGImages/PennPed00039.png,PedMasks/PennPed00039_mask.png,495,373,1,87daf6faa2c8d4aa76be2aedfc4fad9b1dd3f0edc9085115545f1f8251e4cb6a,14f20e95f3572d559554e3f302357e11cc4f7865ca7003d73c94054cf7ae002e
FudanPed00022,PNGImages/FudanPed00022.png,PedMasks/FudanPed00022_mask.png,536,465,2,90b0d600f87345555e4264e55137389ddb8a75e847b1828d13e31de5f812c45e,29c50ec6d945e31fb5f36859fc2459d15fd91e782e80171d8b9769a764c44fb0
PennPed00050,PNGImages/PennPed00050.png,PedMasks/PennPed00050_mask.png,419,315,1,9207c8dfe778e6e583de9c0d4befe42f2299aad6df1584845514b46b846d02cd,10225bdf0ffa43c6a425c9e9208af7bf61f326e516b1e14b4e5d0274afc56afb
PennPed00018,PNGImages/PennPed00018.png,PedMasks/PennPed00018_mask.png,460,344,2,cd32237ab5568fc1723cfacb187ee6eef8934eb7ffe42f62fee3350cb02df99c,c915164760a99f48890484a8c58c0af01baab43addc0979380a3f2d66efd8dd7
PennPed00058,PNGImages/PennPed00058.png,PedMasks/PennPed00058_mask.png,509,380,4,02acf9b54c5721283950f204446dd3030967ab48c3c826deeceb45e224e1e60f,5d04047244c95617414a9a33b54ac07dee6bf7a486b45bf75ff4e359bd0e5806
PennPed00021,PNGImages/PennPed00021.png,PedMasks/PennPed00021_mask.png,712,436,3,b2f9df0c5a67504ed9bed82191f76cfd349ad2dfc5510e2616e6ba181dde36b2,86e7353a061162d7d0a148b3eb3e08ac0c87d312a009e6ed5293b3c3eff3363e
PennPed00040,PNGImages/PennPed00040.png,PedMasks/PennPed00040_mask.png,406,342,1,6fb46eb5e99d6df95e76b483e7b6205760f5e97907a85f3eff1507c5f875da50,91b02bcc5f3a3767feeaebe2e4f49a8a8a5980aad3aa34377b3c078bcd35ed4c
PennPed00015,PNGImages/PennPed00015.png,PedMasks/PennPed00015_mask.png,906,438,3,da2663a4eaf5fa294ff0d53b172cde50746857d873ee2ad1dc111d08908406a8,cc7ed68006ddce7791eddf168b0662c1cb804e260b415266783c77e84412c5b3
FudanPed00016,PNGImages/FudanPed00016.png,PedMasks/FudanPed00016_mask.png,544,425,3,3821e9ed61b299c3ca31f761f181e1791d898359406adb66fc66d65fa49a6388,e3582dff805a88c674c63edcd81bb400f6f4c37752b6f6da854ff91df76aab72
FudanPed00013,PNGImages/FudanPed00013.png,PedMasks/FudanPed00013_mask.png,652,498,1,b3e23ae41d57b2fb4803b0202ba384f556d2b2eadca71d97b03000867a79bd6d,b167f4342cb9103b831dbd66f37672a6d27397dabb561180d57d154ad041528b
FudanPed00005,PNGImages/FudanPed00005.png,PedMasks/FudanPed00005_mask.png,335,344,2,4de7a665b06b680c715c2d6941611bb372ac0c33d98a09ac1673cbe6af1a66f7,d404c81d749b0f589334607c13148c3a1497b779615475cc436dcdca0d67c456
PennPed00045,PNGImages/PennPed00045.png,PedMasks/PennPed00045_mask.png,692,395,6,ebe047a39d1d75871cc07cc83b9ad45715aafb7799d1a648aa9e340690690f46,55230f5246aeb48c8859d9145a8dc09278eafcf732680ca864868bd5f9390a46
PennPed00052,PNGImages/PennPed00052.png,PedMasks/PennPed00052_mask.png,682,525,5,013d6f5301dba88f4d9d678a9b46237458f96476fbe42f682d0b01d2c4ec9eaa,275a2ec89a25ba41d9cf8c04e204d5e1bdb4918c63428883f6ac6bd2c294cf1d
PennPed00088,PNGImages/PennPed00088.png,PedMasks/PennPed00088_mask.png,375,320,1,dd4c57455ead9f9bd5d9f6aa9bc690cfada6fa65fb8cf776f34fef0b30657d71,f118af68141d0a9c7d02717e4c16c7591121755944e9375012034451ecea1661
FudanPed00036,PNGImages/FudanPed00036.png,PedMasks/FudanPed00036_mask.png,1017,444,4,5385c270c96aa38f1efcf6107f74f107d4090937f20686fadd1a457fe0508357,5650d01fe791dff12d414c491ef8662ecf019796a7bffd76135992bafd58fc8c
PennPed00001,PNGImages/PennPed00001.png,PedMasks/PennPed00001_mask.png,612,406,5,c90af45f1e29ad3b4dcab13551ed7d26f5bc7e35f12907f79469ac6714e9da94,c9f16f549b6782a5205cea15bd68fd0b9b232d5730ddd211f4389144115a111b
PennPed00055,PNGImages/PennPed00055.png,PedMasks/PennPed00055_mask.png,417,353,2,0551ece0620b8b61d01dc34b35805d1ed211d6a3beb15e22652c4beca392eaae,b8185a374b985988e3a0580c5134e015ba0a12c8cb57cfda8bab9b186f91249d
PennPed00072,PNGImages/PennPed00072.png,PedMasks/PennPed00072_mask.png,473,348,2,4839f8ddd782becdddb4f778d018211392cfbe3c588a0d98e322d639be767f98,d4df2981ef881aae235e91136b83f6d17abbc95599abae8b29523489a664615b
PennPed00028,PNGImages/PennPed00028.png,PedMasks/PennPed00028_mask.png,416,368,1,3e782b04ee66983b2ee1e4d0848cf6ef44d7923217515634415345e0b1685520,b2169f370bafcbd88e6aa7e8aca48baf585cae9efb5df19dde2f3033d72079eb
PennPed00071,PNGImages/PennPed00071.png,PedMasks/PennPed00071_mask.png,767,379,6,44b25a5eb364cd5fa13d1739f27a6b0fe4476bbca54feab6d940705a632967c1,dd3da39eb13a7713d56fbb65cdc98a9378a8cae628d064f5097244845efa8baf
FudanPed00051,PNGImages/FudanPed00051.png,PedMasks/FudanPed00051_mask.png,448,501,1,03697f57dae4fabd073a18dcb9e9f877acee3b610b41db1e726faa0a6aeed013,8e900077323baa3bf565ef57a459f26fd21e1e564640838e6ee8a959abb1572e
PennPed00086,PNGImages/PennPed00086.png,PedMasks/PennPed00086_mask.png,474,354,5,17e40a1f137e9ee1e5c577111cebd3d9bc8db270873af83a250bcfda17589e35,27df024de5520da577d17c88dba63aa6f092c5537f7722645420e7890bb774c8
PennPed00093,PNGImages/PennPed00093.png,PedMasks/PennPed00093_mask.png,368,311,1,014e2c30dbd83f14b3a5ac5ac32a66d4077d1ba892726096eb3075e0399e97f3,922ac9892984180c9440a1bec4b9d13c6c6adc963bc1a171e4be1678ce884cf6
FudanPed00063,PNGImages/FudanPed00063.png,PedMasks/FudanPed00063_mask.png,486,359,5,471509461bee4ddab5e7ad00ae28a40ab82e8bcf9d048f1fe05cfcf403c4f4f2,e19f20f8c62bda94f956101c264528149aecda9ffcd4b4c90cb99800ebc0dbc3
FudanPed00002,PNGImages/FudanPed00002.png,PedMasks/FudanPed00002_mask.png,455,414,1,42f94e40ca5857687be170ecdebef0ee41094e5386160e0c756f0c94a735d39e,292e539ed36b3cb524f9dcf53f2423ecdfd6a7568fa1673387d5eca2a0b79714
PennPed00038,PNGImages/PennPed00038.png,PedMasks/PennPed00038_mask.png,436,353,1,0805e5a01ec02d777190e5c0924d1a78a3d619eb7b9f9a2f47abbf8f858bcc42,2a8df34bee5a80ae0b0aeb5f06509097d5546cb8d52d5c95ecdcb2cfc00c78fd
FudanPed00056,PNGImages/FudanPed00056.png,PedMasks/FudanPed00056_mask.png,565,581,3,dba142d05726356146c23ad4dd261f7a9b87542cc5b7f84a6c2320dec958ffa8,cb33be70da8f3a8b9587c5f51b45843acc025a4188c530e93c192675f490d72e
FudanPed00046,PNGImages/FudanPed00046.png,PedMasks/FudanPed00046_mask.png,567,438,4,0a7834abaf3f28bb667792058f220caaeb91a38b64302edb38dd0bdc3be4f80a,8fb8de481a98c9cf64bb4672d5b2119d18267772dcd52bb2356f955766e00647
PennPed00014,PNGImages/PennPed00014.png,PedMasks/PennPed00014_mask.png,542,368,4,a04437ea5bc66466c06d2f7a6e493cd5150864b15420036698440d82498d49f4,51b3a3362ceabeaa6d1a48b9b8a2cdca6fb51c6438e56087bcfc2dd3410e74af
PennPed00078,PNGImages/PennPed00078.png,PedMasks/PennPed00078_mask.png,349,372,1,ba3e13d576760772437b86f6cb5cce221a3190c663d8a1b9333827b4904e072c,854bd439892c0bd5665512ddf1de6e45aafb9a7c942fc7be91f8bd6393c73fac
FudanPed00014,PNGImages/FudanPed00014.png,PedMasks/FudanPed00014_mask.png,456,383,1,462eff93c4c491fb20e1e01e5949dcc27b93d6421507a6454356578040c73ce6,891479c927fb79bad6188e72d58e93b15582d83a3c973c4255de1387aef4f3c6
FudanPed00044,PNGImages/FudanPed00044.png,PedMasks/FudanPed00044_mask.png,521,494,4,2037dca40073cecf99494127133a7beefbc29f54c97f02b876bc2fffabc6ce8f,74e8c86502b36b8788a9e458db1c3ca6c8457df069d0569abd9ea48d7d20a1e1
FudanPed00041,PNGImages/FudanPed00041.png,PedMasks/FudanPed00041_mask.png,552,507,3,95997257f63267427f726e6f4e809acefc7993fa943aaf7effd9070d145bba99,4a54ac000fad575dda2da511811dc49924ead26ac7249901b4c06133ac441e7e
PennPed00090,PNGImages/PennPed00090.png,PedMasks/PennPed00090_mask.png,500,370,3,deac99c59abcd01246dcb0cd8bd75f43cbcf474b3986fcdaf03659e55b23007d,c8ae7ce336a4d3ae72b9d89eaff839baf17d605171dcf0178af01c5a467fb284
PennPed00084,PNGImages/PennPed00084.png,PedMasks/PennPed00084_mask.png,370,356,3,466516051ccfd22fac3126dbd0ab13b07d3202864561511584c2fb20afee7e3f,ebd38e97c862da5311d466c7bfdbc409df623376cde4c01746dfcc58bd386295
PennPed00019,PNGImages/PennPed00019.png,PedMasks/PennPed00019_mask.png,734,404,7,8f9c7e9ce94bd961e2bfa5e93543ad72cedff776f575bea6198681fa1de27d32,cd24351b15910524edddd02466c4a4fba1db8e6913310edb9644f17166aaef5a
FudanPed00067,PNGImages/FudanPed00067.png,PedMasks/FudanPed00067_mask.png,453,416,1,1763f4b22c509622b254bd6af3203e78b92e8dee2573e1dff3afc8d7dcd28e16,e4af7b75e5908051502948dfed98c0328d7ee2506a53ba30729bfdb0e7b7e60c
PennPed00024,PNGImages/PennPed00024.png,PedMasks/PennPed00024_mask.png,409,384,1,41daba4c62a049b1c15fae0a1026d34b05b4e39d3da35fc1510547a3aeb5f1d5,ed69d9211f4825b78ec2458de3be978d44372121df499d3ac9ac26080f16b4b4
FudanPed00020,PNGImages/FudanPed00020.png,PedMasks/FudanPed00020_mask.png,555,417,1,bc12e150a972308d87356e57f5e0aea246b18c4dd99826a581729a5e8686b6a2,f72cada3c2d83f40a819c68106f348d2c9fbc413e9b323c5558d9b886b51985e
PennPed00064,PNGImages/PennPed00064.png,PedMasks/PennPed00064_mask.png,370,322,1,4dfb95e5d231c6c9ccd16b94eebbe1d3de80d0c89d3c07f935ef3b49174f9d6a,7489dfa6b2190b4e3e57e5e9435b26299487acdd44e2ba75d99495a9aa2329c6
FudanPed00045,PNGImages/FudanPed00045.png,PedMasks/FudanPed00045_mask.png,487,538,3,932e97b8d33e3c58c604b850fcb6a9a68fd6998ec92d1dd1a268edac76d6d86c,8d750393c00cdce41232c086651ec469b412b98d9475454e2c710970d4c45fdf
FudanPed00043,PNGImages/FudanPed00043.png,PedMasks/FudanPed00043_mask.png,493,518,3,af2dfd6ca0e27005d25d563b27b9a44229b7da7be1be2c766b22eb7c016ddd59,1ac5d9d017bdbb71afb9fa4dba12880208c9052d0998f10da73eca03871077fc
PennPed00061,PNGImages/PennPed00061.png,PedMasks/PennPed00061_mask.png,314,320,2,20b064554baedefdd2ccdf058047df35b432013adc2e4c89f6374dc12ae3796f,589a3d81dd61fe82f2e013dd6cc9851ad99df7a81946f80df8643b324b67f5f3
FudanPed00032,PNGImages/FudanPed00032.png,PedMasks/FudanPed00032_mask.png,608,474,1,ba975b6872be7e71a450a23551d214e851fe6c2a67174a852225e0f64c07c6d9,2215b9c68f27a719e0c5a392dae3bc8cf9fc0ee88f03bec111b3ca87f5b07f6f
PennPed00027,PNGImages/PennPed00027.png,PedMasks/PennPed00027_mask.png,492,391,3,24ff119f34cdee0759782417cc2ef0d65fb194d4bc36f424bb9e6d73b94243ac,75eab56d91519fa23d79b745583688816fe78cb52471aff6426a97d7287918d2
PennPed00033,PNGImages/PennPed00033.png,PedMasks/PennPed00033_mask.png,533,391,4,5f54c6f9f3d04d4ec0d03faea62f2adaff2698abc412c86fbb0ee26b5c0eb2a9,ebd1606b1b9a45df528c93d71c96098ef4e8dba6a067425a7aa3bf999020e2d6
PennPed00085,PNGImages/PennPed00085.png,PedMasks/PennPed00085_mask.png,403,341,2,0e9a2f0210b3f1de793ac00b5d8e3a2accfee2e4c15d97c1d4460c651c0890fd,7d0387b6b5a26060fcd1821acba5ca3d7288aab2bdf19cf4cbcbd1dda346b1b5
PennPed00092,PNGImages/PennPed00092.png,PedMasks/PennPed00092_mask.png,600,447,2,ffa7730b89a87a352e616af579c1cdf06035a8d003e8c1a739760e63cb9905fa,ce7be40828f81ba82feb50066604b1c6fcd57fabcf136e475d3b64580dc5ed11
PennPed00013,PNGImages/PennPed00013.png,PedMasks/PennPed00013_mask.png,564,385,4,e2383d58bbb78c8aae60002d4a2cf061c4fd30da96e884a6682a9fd244e70b12,b81a2ab35adbade99f3ef1d30708fcf99a0d67a56915df51eaf3ad2d7626ad19
FudanPed00018,PNGImages/FudanPed00018.png,PedMasks/FudanPed00018_mask.png,253,323,1,503db5cbf8a4d2f68e7a191656320163a74b0d0a7e7a0de0bc7645c7330379e6,fefaa640bf0c1b5a5624bb1911e34e5d053f3fc71022607b8efbc6ee03e4b9ad
PennPed00005,PNGImages/PennPed00005.png,PedMasks/PennPed00005_mask.png,767,454,5,aef0bab472bac61c91e11afbfe264f950e1b7b495c031be80b61d32eb477008b,5756a20f99fa60f02b7b915da6c41af03495f2130169b06e1ada2d4a36a426de
FudanPed00040,PNGImages/FudanPed00040.png,PedMasks/FudanPed00040_mask.png,550,482,2,6b90d12818232a8b5ea8b4262d48f7baac29f9dcffb802812ca3a02acd499845,190e108e0ce5bf43f6acd6ce23227759b6e19d9edb2d1eadc9e553e707ef89c4
FudanPed00008,PNGImages/FudanPed00008.png,PedMasks/FudanPed00008_mask.png,388,454,2,4c3f3a2bbd2632442d3531fe3ce4299bfadd8e4c65a0d1df8d328ca97cd223ec,77897d013416d6ba4ac7bf1005a4409e011fbe4168404d11f5fb2ccf79009e4a
FudanPed00026,PNGImages/FudanPed00026.png,PedMasks/FudanPed00026_mask.png,440,427,2,7a108cfe65ba5c2c89ea0400095685811854d78c618a39cd6298d183666c8780,3b211289c67797eac83d49b1d33f3c176011f1a8ba14a1ba3eba2ac60707956b
PennPed00062,PNGImages/PennPed00062.png,PedMasks/PennPed00062_mask.png,396,315,4,0449c9cb5c5eea2c97d05bd234be1c6fd8a2a10af73b42ff2b5b6d0fb2d2ef1f,b326ca854c704fad567d2390943ac78f5896b02e8c62ee0594da20d5ec8583ce
PennPed00082,PNGImages/PennPed00082.png,PedMasks/PennPed00082_mask.png,398,321,1,61faf7a48aca4b85f22ba825d089e5dc72246d02221d9bdc844cb94cbb8783bc,918094cf6f893af43404e16f972dbe4041bf69a4f00149908c8cfb44ed7d88d0
FudanPed00059,PNGImages/FudanPed00059.png,PedMasks/FudanPed00059_mask.png,576,369,3,09bcb2197283c232b6e8e107b05c388d3fecec7d21dc33d7195e9c2fc75ffb3b,4327d92321838f286bacf502f0262c2e4ff1cb01d45d1ab85002df5e19ddd88b
PennPed00094,PNGImages/PennPed00094.png,PedMasks/PennPed00094_mask.png,422,349,1,584b3eddb83043b592e9eb3a06ec6939e64c4feace60add63b1d1fced927fd26,205727f4ca1df3e22366142481e5c13d0dc576f51fe858caf82ec467b1965cc6
FudanPed00025,PNGImages/FudanPed00025.png,PedMasks/FudanPed00025_mask.png,425,369,6,714c75273275f6ad31f30063fb241b26fa2a8ac853b14795b220ebd38ee1d805,9303b6fc52809598e0bfc33299e68d116354572d466f7dbb225b304ed45b6ffc
FudanPed00010,PNGImages/FudanPed00010.png,PedMasks/FudanPed00010_mask.png,411,393,1,651f9c4ce9ab056f3ce94c2b1159218a385ab45f33bc124ab2e5d29115dd0315,22737a7d0c9abfe85b78278dcf3dbd33b67faf69834a526257324b92a3933cf1
PennPed00007,PNGImages/PennPed00007.png,PedMasks/PennPed00007_mask.png,570,412,5,c91ff2a117df5a0a0bcbfc6ac13f568f1ad4acb372f4b4f26c3f8260659083cb,b8eb1741adb4fec7a952253de9bb8750d05a27cde0ffc0371395d2cbb9e2d2f0
PennPed00025,PNGImages/PennPed00025.png,PedMasks/PennPed00025_mask.png,450,334,3,1d0a05b83c4915b2264a5528fbfe5dc82274113f07a07151e489c90357a527ae,02b5e0616857c70e39114090c639033daf331037e5017a32505130977077a892
FudanPed00042,PNGImages/FudanPed00042.png,PedMasks/FudanPed00042_mask.png,588,547,2,257169d70d4b46d3ecc64bdc7287af287ed43bdeec48e1ae95e17506e63548bb,30b6824ce045e016950ea5e7d8de034aa4f50b66190fbec111d8add3bee8b14c
FudanPed00006,PNGImages/FudanPed00006.png,PedMasks/FudanPed00006_mask.png,385,426,2,bb8100d15bf8b02471d92857749884e5d629f44143a3a5e44d2b267a9417cb3f,6d7dfc39e4bde3272e0e2c5b8ffa3bae92b8035cc3a1e258b1f380e8d3d22562
FudanPed00027,PNGImages/FudanPed00027.png,PedMasks/FudanPed00027_mask.png,302,363,1,218b49f3e50f698aa4920a6147d78663bd3dae53a8e35d0c9c1c1eaf6480eb43,1c1f653379048b6680ee867267cc2cd4e41687b9bd363957a108360a86794117
PennPed00054,PNGImages/PennPed00054.png,PedMasks/PennPed00054_mask.png,324,334,1,b03a8189a12bc13f983853e86a5b547d3ef4d199a3fa6f811245081cc439ab07,94ae80b4894f97d748bcab717e9823b84cd1102ced9fa7be99f2f5d40ddf6b0e
FudanPed00003,PNGImages/FudanPed00003.png,PedMasks/FudanPed00003_mask.png,479,445,1,b03d3033f65a03c20476479d2ae76cf8d3156550da005e92fb101dcd413ec75f,ead7018cfabb842df2885819421ab3ab578050d7293c5aaf9cfd252bec713b2f
PennPed00034,PNGImages/PennPed00034.png,PedMasks/PennPed00034_mask.png,538,422,4,2d99494275178c949069a1b75824a9c065efafb049d6ec2dcd45bdf203d12ee9,1ed9bab4951133126a196456cab6fc63a1e1588920665987e7ceb87293b9f654
PennPed00067,PNGImages/PennPed00067.png,PedMasks/PennPed00067_mask.png,370,318,1,659ff0d99f355f25539a5feea89f6e8a450e92d9f4d74c28ae17506ae5e114c4,57b160907a6082b51d6b67a0ac634c503d12470f95289571cc7d97da9a432fce
PennPed00042,PNGImages/PennPed00042.png,PedMasks/PennPed00042_mask.png,569,344,2,e709c41872b490b3cc2120b9251b8bad29c3f0d47e7b928dc98a292191688ec6,8f8c7c548f9a0a592a8b150296ba58f9b7a7fe4464fdbccc4a851e8bad9c70f0
FudanPed00021,PNGImages/FudanPed00021.png,PedMasks/FudanPed00021_mask.png,490,378,3,f77febed0b58c93b7d17c1d75b41b79008bc9fc119b455d3a5e0716093456802,1c84d7dd0b18adffdb5433b60f31da4b27fb1a72b5642c3ae4c6990fa5aa11b5
FudanPed00070,PNGImages/FudanPed00070.png,PedMasks/FudanPed00070_mask.png,390,382,1,809c783d024a72ae376aac182f4725c53be69141753eac6913040daf42b97e17,51454d1c91b13d92e48ce921b724bae1ac5dbba76348e02b948aa479f5299ff5
FudanPed00061,PNGImages/FudanPed00061.png,PedMasks/FudanPed00061_mask.png,547,407,3,2bf5b3ea03d46520f7c789ae0d2cf6da5b131da921ab242e58c7e572e9b5ffbf,c70b157b36353a0ce96012cacc91f3c1ef1b4d38e8d8bb3a387bb89258cf3241
PennPed00047,PNGImages/PennPed00047.png,PedMasks/PennPed00047_mask.png,500,346,3,8a9d95ccdbd17346683f0eedf325f7b71277251ef31601fffc95d073624a220f,f01982e9e53708be12b082eff4a920330f25615e3e6c2dce85f081843ae1167f
FudanPed00024,PNGImages/FudanPed00024.png,PedMasks/FudanPed00024_mask.png,479,378,1,90a68f6a089628fd1dac8b15c931a3030a5c6f9eed32a5283c8ae08a31c3271e,772c3055bb4ad0d9a4b906d8623f43f67b544deacda1f0ba7678e205d31839c0
PennPed00063,PNGImages/PennPed00063.png,PedMasks/PennPed00063_mask.png,427,350,1,f98c75b5d6016c37f9c0ba0be1391dec96535fc909525902c95d3dd5d97dbc78,45d3821783efca7430363841a995b5f8a4e2625ef6b1ea2fe629b45076f697bf
PennPed00026,PNGImages/PennPed00026.png,PedMasks/PennPed00026_mask.png,530,410,2,d249c2e810a868aada1316d700788aa4394425fd5f11fb8fcef0f816c40bdea1,efb81f2595137a3c10a52360cb5ae572427a97c77c8330298cc1fd5bdfdfb04d
PennPed00074,PNGImages/PennPed00074.png,PedMasks/PennPed00074_mask.png,442,332,3,f808c322abdcf6689739eae3569fd50b175104156b459f178869071058bc53a7,8ea54baaa334188add28b8a3d0b2ee632cfd6455736275621b45c33467f0f637
FudanPed00030,PNGImages/FudanPed00030.png,PedMasks/FudanPed00030_mask.png,462,387,1,e3231cb29908a7f441a52883770a72bbfd44c56b5f7223fe00bfad757dd41a7b,afd437de1a7f4e811e3af581c1d02b6bc161c867516b3806ac8560372a8d69a0
PennPed00035,PNGImages/PennPed00035.png,PedMasks/PennPed00035_mask.png,623,353,3,880cf75fe5bd0d89bb836bdb29e9d1d8a3685c9af9aec1b3c7d4492eb56f2c58,9b668a0aaf41404af4e99afd3519cf1ee0932c3d8271f2d9e6f5fa6be23d8458
FudanPed00015,PNGImages/FudanPed00015.png,PedMasks/FudanPed00015_mask.png,336,349,1,4cc05505e799e564dbf025cccbeb36698ac959d9f743bb383574e76f1c0d0619,93c354abab72740827310d534ad0ee2f9d076685c9f24516292ec5ed33e6b0a9
PennPed00053,PNGImages/PennPed00053.png,PedMasks/PennPed00053_mask.png,377,344,2,74c46329449d376e1afc11aac5b58d282e356822c6229cdf51208069686c9d03,3fd6b711af6b2dc2f8c2c3e12e73a680ab2fd416a4493e2f2c141e6b561cb406
PennPed00008,PNGImages/PennPed00008.png,PedMasks/PennPed00008_mask.png,452,403,4,433fa62d3a10e13578292a7c3a2c1f0615361488138a9b2daccab7cfbe1d2645,ce9671479e8252e7ef8062ab55e63ae41cc269bde8df532d731eee764f2b7e77
PennPed00081,PNGImages/PennPed00081.png,PedMasks/PennPed00081_mask.png,561,387,3,b9cf27aff00b5d3c745cfde35b77a0e9d1966291cfa462ffe73d7ac4cb190f24,e62361e33410c4f06d1cf6307f6082d2a427ede913f686e9f62501d3caebc6c4
PennPed00036,PNGImages/PennPed00036.png,PedMasks/PennPed00036_mask.png,694,370,2,a12b365a9cbd818ec307873a5bfa044f4d667cda6248706ae420d6353ab8147b,898d5cb61e5233f0afb11d10eff8aa5d2706bbca4933cdb6b497ba1ed0fef7ab
PennPed00012,PNGImages/PennPed00012.png,PedMasks/PennPed00012_mask.png,565,429,1,4f22a9e5d708bd17ee68ca7ffcd7e4630ad94fee53ea95b65d9664ae7489e0c0,9da19f3e69424c8fb86cfd170e887ae47a7f4233e3636eea28a7a5157ebe4062
FudanPed00035,PNGImages/FudanPed00035.png,PedMasks/FudanPed00035_mask.png,292,349,1,84b4674f7e64c7a857a8ef2e9ff960cee65e375691c1a1e7e688b020ba019e19,91d71bc5c1ecb957f14f4a4534a508c669eb237cfe8ae928543acb7210000e00
FudanPed00066,PNGImages/FudanPed00066.png,PedMasks/FudanPed00066_mask.png,360,359,1,f967300ad1b6f62ae29d1dc5779b8f089ba36744435d1092c7bac71e6808fc1e,c9cedff88ab15cdd4eb1b9b412d246e69a22b82834a6545439759fc9d7d43e20
PennPed00077,PNGImages/PennPed00077.png,PedMasks/PennPed00077_mask.png,352,323,1,a3da377ff6246bf54759e029727681b8496d4d1554212c54a75b76469ded1a12,149c56eecaae0f09b8125fbd1fada705aca6edc8cc32e54d30a9123a8f556ed1
FudanPed00071,PNGImages/FudanPed00071.png,PedMasks/FudanPed00071_mask.png,363,353,3,9d578e4e01974d0526f1cfd163c13ec0535f7ba46afde2821a68aaa1ebd399c6,02f4d2a89d4224fb1a0f4fe3edb27b45c819cf7d9c464cf048ddce533b212b36
PennPed00006,PNGImages/PennPed00006.png,PedMasks/PennPed00006_mask.png,631,436,4,c1a9d658d8aa53e4043eee9bd10d31b9ff2ccfb0a3419ec0e37c7adb6ebcfb4d,1689b596eb23a81b2b9c396233f0aea745ea538815371697506b160e2b0a7e5f
PennPed00016,PNGImages/PennPed00016.png,PedMasks/PennPed00016_mask.png,683,399,3,1e630cb99cb76f9b9763a964ecebdcbcab55a10d23ccfba27dac2aef388c7137,7de3c711d75be0a85aa871c7b94998a880d0a55eb87d14eb88f91f462cf97c71
FudanPed00017,PNGImages/FudanPed00017.png,PedMasks/FudanPed00017_mask.png,266,342,1,dbd67282eb910f4b5ef412e1a8255fc83cf40044ea0d4dff7c12c09c231eeb66,70b107d2de1fb675344615715a84103481046f55d13b427e69fbe9c5e951b33b
PennPed00029,PNGImages/PennPed00029.png,PedMasks/PennPed00029_mask.png,672,418,4,1de4928a9f5b8ea02ff7c540e28b715a3aef2b9f347ce7ec444fa4f9f5e3a388,25bdfbe6ea7d2ee459b0331ce7be5d27d6457c55dd95248f9b9e415095f66ec9
PennPed00030,PNGImages/PennPed00030.png,PedMasks/PennPed00030_mask.png,479,354,3,db74f21928363ebe24e4a527da6f915f0e7eab59383802d5b18f6c39fbdd8a66,da9a05bbdf477e6d788a08988417703572f1aa8914b1ca3ffbdc751ec172a3ae
FudanPed00029,PNGImages/FudanPed00029.png,PedMasks/FudanPed00029_mask.png,435,404,1,85798d75e2f35b675b86c029decdf886ef4b0122fba00238c4441136930d81cc,21ccb1f47b91d9f61e6488625da8437973861a31e5cd4d87e9ebbef54f973083
PennPed00076,PNGImages/PennPed00076.png,PedMasks/PennPed00076_mask.png,342,348,1,666acede5167c5fd2b143aeaf7194f06da2be2dfa0e4e107faa3f720b0a98396,331095ee740ae0b177017a42f0a2ec70437497c4d04d76d6a7e9b68eb5fb4768
FudanPed00065,PNGImages/FudanPed00065.png,PedMasks/FudanPed00065_mask.png,504,411,5,8b5c5678f49a6bfba25bf0c34c055fb6d063b91410dac1f50da9f99da0c41ed4,cb0d5e822ddedd6a63219bbc8b463a7056cb03e09fe393134c2b23b9c227d85e
FudanPed00060,PNGImages/FudanPed00060.png,PedMasks/FudanPed00060_mask.png,517,440,3,d058f9cdb138898af3c8b1eb1e0505d0592d48900e4a05b2ddbc5ba3fb1e53fc,2d48527ab4d150459934bed086ab5c2e32551ceb950e35485576f3ae4feeff6a
PennPed00057,PNGImages/PennPed00057.png,PedMasks/PennPed00057_mask.png,371,364,2,7fa9f32b67b00a9e03bf1c50bb98a53deaf567294713053c355aed36f70a8dd4,80482a84405ea121a22efaeb0a80645187ce9cb6a90c14530673e081ed2366e2
